{
    "loss": 22.461685180664062,
    "accuracy": 0.52173912525177
}