{
    "loss": 162.1692657470703,
    "accuracy": 0.47826087474823
}