{
    "loss": 0.04115542396903038,
    "accuracy": 0.97826087474823
}