{
    "loss": 0.37036213278770447,
    "accuracy": 0.9855072498321533
}