{
    "loss": 0.6587180495262146,
    "accuracy": 0.7651821970939636
}